Product,Title,Description,,"You are an industry leading copy writer, write this to address the customers needs, focus this pitch to entice people by showing it meets a need, not so much what it does but what need does it meet, "
Starfish,Orgone Starfish Sculpture with Crystals & Seashells – Handmade Energy Harmonizer for Healing & Décor=,"Orgonite Starfish Sculpture – Natural Crystals & Shells for Aesthetic & Energetic Harmony

Immerse yourself in the beauty and energy of the ocean with our handcrafted Orgonite Starfish Sculpture, infused with natural crystals and real seashells. More than just a decorative piece, this unique sculpture serves as a conduit for positive energy, promoting balance, clarity, and a serene atmosphere in any space.

What is Orgonite?

Orgonite is a blend of resin, metal, and natural crystals, designed to harness and transform energy. Rooted in the research of Dr. Wilhelm Reich, Orgonite is believed to accumulate and purify life-force energy—also known as orgone, chi, or prana—by converting stagnant or negative energy into a more vibrant and harmonious state.

How Does It Work?
	•	Energy Transmutation: The layered structure of metal and quartz within the resin creates a piezoelectric effect, which continuously attracts and refines surrounding energy.
	•	EMF Protection: Orgonite is said to neutralize electromagnetic frequencies (EMFs) emitted by electronic devices, promoting a more balanced environment.
	•	Spiritual & Emotional Well-Being: Many believe Orgonite enhances meditation, deepens intuition, and fosters emotional stability by dispelling negative energy and amplifying positive vibrations.

Aesthetic & Energetic Benefits
	•	A Stunning Oceanic Accent – The starfish design, adorned with natural crystals and seashells, captures the tranquility and beauty of the sea, making it a perfect addition to home decor, meditation spaces, or altars.
	•	Harmonizing Energies – The combination of organic and inorganic materials works to continuously balance and uplift the energy of your surroundings.
	•	Unique & Handcrafted – Each piece is one-of-a-kind, with carefully selected materials that enhance both its visual appeal and metaphysical properties.

Perfect For:

✔️ Energy workers and spiritual practitioners
✔️ Those seeking a peaceful and balanced space
✔️ Home and office decor with a deeper purpose
✔️ Meditation, Reiki, and holistic healing practices

Whether you’re drawn to its energetic properties or simply love its oceanic beauty, our Orgonite Starfish Sculpture is a meaningful and elegant addition to any environment. Bring home the essence of the sea and the power of orgone energy today!","Immerse yourself in the calming energy of the sea with this handcrafted Orgonite Starfish Sculpture, infused with natural crystals and real seashells. More than just decor, this piece radiates balance, clarity, and serenity, creating a peaceful atmosphere in any space.

What is Orgonite?

Orgonite is a blend of resin, metal, and quartz crystals, designed to transform stagnant energy into positive vibrations. It helps neutralize EMFs, enhance meditation and intuition, and promote emotional well-being.

Aesthetic & Energetic Benefits

✔ Ocean-Inspired Beauty – Adorned with crystals and seashells, this sculpture brings tranquility to your home.
✔ Harmonizing Energy – Balances and uplifts the surrounding environment.
✔ Unique & Handcrafted – No two pieces are alike, each radiating its own unique energy.

A perfect addition for meditation, Reiki, or anyone seeking peace and positivity. Bring the essence of the sea and the power of Orgone energy into your space today!",
Buddah,Enlightened Rebirth Buddha – Orgonite Sculpture Infused with Citrine & Clear Quartz,"Discover a one-of-a-kind meditating Buddha sculpture that transcended destruction and emerged more enlightened.

This Orgonite Meditating Buddha is no ordinary décor piece – it’s a sacred narrative cast in shimmering resin. Handcrafted with a loving blend of Citrine and Clear Quartz crystals, this statue radiates warmth and positive energy. After a fateful crack once separated its head from its body, the Buddha has been carefully restored and reborn, carrying an even more profound spiritual presence. The result is a breathtaking artifact that marries aesthetic beauty with deep symbolic meaning, perfect for those who cherish spiritual symbolism, energy healing, and unique home decor.

A Mystical Transformation of Enlightenment

In a moment of unforeseen destiny, this serene Buddha underwent a transformative beheading – a crack at the neck that gently detached the head from its form. Instead of marking an end, this dramatic event became the beginning of a mystical journey. The separation symbolized the shedding of the old self, much like the breaking of ego on the path to enlightenment. Through it all, the Buddha’s expression remained one of calm introspection, quietly echoing the Buddhist teaching of impermanence and acceptance.

Through careful restoration, the head was seamlessly reattached – healing a sacred wound with meticulous craftsmanship. Like a phoenix rising from ashes, the Buddha was reborn from this trial with a renewed aura. It’s as if during that brief disunion, the statue absorbed cosmic wisdom and returned with an even greater enlightenment. Now reunited, it exudes an aura of rebirth and resilience, its very presence telling a story of transformation and spiritual awakening. This once-broken, now whole Buddha carries the vibration of a survivor – a powerful reminder that from destruction comes enlightenment.

Infused with Radiant Crystal Energy

Beneath the golden, translucent surface of the orgonite, hand-selected crystals work in harmony to amplify the statue’s healing vibrations. The Buddha’s core is infused with Citrine and Clear Quartz, suspended in an orgonite matrix (a specialized blend of resin, metal, and gemstones) that continuously transmutes negative energy into positive energy ￼. This synergy of orgonite and crystals creates a constant flow of uplifting vibrations, enhancing the spiritual ambiance of any space.

Energetic Highlights:
        •        Citrine – Revered for its ability to attract abundance, joy, and positivity ￼. Its warm golden glow is like a drop of sunlight captured in resin, boosting confidence and personal power in the environment. This “merchant’s stone” infuses the sculpture with uplifting energy, inviting prosperity and happiness into your home.
        •        Clear Quartz – Known as the “Master Healer,” celebrated for its powerful ability to amplify energy and thought ￼. Clear Quartz brings clarity and harmony, enhancing the healing energies of all other stones. In this Buddha, it magnifies the citrine’s warmth and the orgonite’s purifying power, ensuring a balanced, high-vibrational energy field around the sculpture.

Together, these crystals form a potent energetic duo. Citrine’s sunny optimism and Clear Quartz’s clarifying strength fill the Buddha with a gentle yet powerful glow. Whether you seek to cleanse a space of negativity or boost the positivity in your meditation room, this enlightened statue serves as a beacon of healing energy and spiritual reassurance.

Aesthetic Beauty & Sacred Presence

Beyond its spiritual power, this sculpture is a stunning piece of art that captivates the eye and soul. The Buddha sits in tranquil meditation, eyes closed in eternal calm, with an expression of subtle joy on its face. Crafted from clear amber-toned resin, the figure shimmers with golden metallic flecks and the soft luminosity of the embedded crystals. Sunlight dances through the orgonite matrix, creating a gentle glow that shifts throughout the day – as if the Buddha is truly radiating light from within.

The point of restoration at the neck has been so carefully mended that it’s barely noticeable at first glance. Upon closer look, one can see a delicate seam – a “scar” of enlightenment that only enhances the sculpture’s character. Much like the Japanese art of Kintsugi (mending broken pottery with gold), this subtle line highlights the Buddha’s journey rather than hiding it. It is a beautiful imperfection, a golden thread in the tapestry of its history, reminding you that broken things can become even more beautiful.

Place this sacred Buddha on your personal altar, meditation corner, or a prominent shelf in your living space. It stands about [insert height] tall, an ideal size to draw attention without overwhelming your decor. The piece emanates a peaceful presence that immediately elevates the atmosphere of any room. Whether surrounded by candles and incense or sitting by a sunlit window, it will serve as a constant source of serenity and inspiration. The combination of its artistic detail – from the gentle folds of the Buddha’s robe to the lotus pedestal – and the glimmering inclusions of citrine and quartz, makes this sculpture as visually captivating as it is spiritually meaningful.

One-of-a-Kind Spiritual Artifact

This Enlightened Rebirth Buddha sculpture is truly one-of-a-kind. Carrying the story of its own enlightenment through adversity, it holds an essence that mass-produced decor simply cannot match. Every glance at this Buddha reminds you of the power of transformation – how trials can lead to greater wisdom and how healing can create something even more extraordinary than before.

For spiritual seekers, energy healers, or anyone who appreciates meaningful art, this Buddha offers more than just decoration. It is a talisman of hope and resilience, a conversation piece rich with symbolism, and a source of positive energy that will bless your space. Imagine the gentle reassurance you’ll feel each time you sit beside it to meditate or the compliments and intrigued questions from guests drawn to its story and sparkle.

Bring home this reborn Buddha and invite its enlightened energy into your life. Let it serve as your daily inspiration – a serene guardian emanating protection, harmony, and abundance. Owning this sculpture means welcoming a living story of enlightenment into your home, a radiant reminder that light prevails, healing is possible, and the spirit is unbreakable. Embrace the warmth and mystique of this restored Orgonite Buddha, and allow its newfound enlightenment to illuminate your own spiritual journey.","Enlightened Rebirth Buddha – Orgonite Sculpture with Citrine & Clear Quartz

This one-of-a-kind Orgonite Meditating Buddha is more than decor—it’s a symbol of transformation. Once cracked and separated, its head was carefully restored, marking a profound rebirth. Embedded with Citrine and Clear Quartz, this sculpture radiates warmth, wisdom, and healing energy.

Orgonite continuously transmutes negative energy into positive vibrations, creating a serene and uplifting environment. Citrine attracts joy and abundance, while Clear Quartz amplifies clarity and balance. Together, they form a radiant force of positivity.

The Buddha’s golden-amber resin shimmers with light, reflecting its journey of renewal. Like Kintsugi, its subtle seam is a testament to resilience—reminding us that healing creates even greater beauty.

Place it in your meditation space, altar, or home to invite peace, protection, and enlightenment. Let this reborn Buddha illuminate your path, a daily reminder that light prevails, and the spirit is unbreakable.",
4 Sided Pyramid,,,,
4 Sided Pyramid,"Four-Sided Orgonite Pyramid with Rose Quartz, Green Aventurine, Red Jasper & Amethyst","Four-Sided Orgonite Pyramid with Rose Quartz, Green Aventurine, Red Jasper & Amethyst

A handcrafted Orgonite pyramid (featuring a Rose Quartz sphere amid Amethyst crystals) radiates harmonizing positive energy into its surroundings.

What is Orgonite? – Harnessing Universal Life Energy

Orgonite is a special energy-balancing blend of organic resin, metal shavings, and crystals that continuously generates positive orgone energy while neutralizing negativity ￼ ￼. Inspired by Dr. Wilhelm Reich’s concept of orgone (universal life force), this pyramid acts as a 24/7 energy purifier – absorbing stagnant or negative vibes and transforming them into revitalizing, positive energy ￼. The pyramid shape itself is believed to amplify this effect, concentrating and radiating orgone energy throughout your space ￼. In practical terms, having an orgonite pyramid in your environment helps cleanse the atmosphere of stress and dense energy, balance the energy field in the room, and may even shield against harmful electromagnetic frequencies (EMFs) from electronics ￼. The result is a harmonious, high-vibrational atmosphere that supports emotional calm, spiritual growth, and overall well-being.

How It Works Energetically & Spiritually

Inside the orgonite pyramid, organic and inorganic elements work in tandem: the resin attracts energy, the metal components direct and amplify it, and the embedded crystals transmute it into a higher frequency. This subtle energy technology creates a continuous self-cleansing energy generator that balances and harmonizes the energies of your space. Many spiritual practitioners find that orgonite devices help to align the body’s energy centers (chakras) and restore natural flow, which can enhance mood, vitality, and spiritual alignment ￼. By clearing out negativity and infusing your environment with positive life-force (chi), the pyramid encourages deeper meditation, intuitive insight, and a sense of peace in your home or sacred space. It’s like having an energy healer on display – quietly working to uplift your mind, body, and spirit every day.

Infused with Four Powerful Crystals for Holistic Healing

Each of the four genuine crystals embedded in this orgonite pyramid contributes unique healing vibrations, working in harmony to create a well-rounded, potent energy tool:
	•	Rose Quartz – Love & Compassion:  Known as the “Stone of Unconditional Love,” rose quartz opens and heals the Heart Chakra, encouraging compassion, peace, and emotional healing ￼. Its gentle pink energy helps dissolve stress and heartache, filling your space (and your heart) with love, harmony, and self-love. Rose quartz’s presence fosters deeper connections in relationships and a soothing atmosphere of empathy and warmth.
	•	Green Aventurine – Abundance & Comfort:  Often called the “Stone of Opportunity,” green aventurine is a magnet for luck, prosperity, and growth ￼. Resonating with the Heart Chakra, it brings a tranquil, nurturing energy that balances emotions and promotes optimism. Green aventurine helps absorb stress and negativity, replacing them with comfort, confidence, and a refreshed sense of hope ￼. This crystal invites abundance into your life while gently healing emotional wounds and encouraging forward momentum.
	•	Red Jasper – Grounding & Strength:  A powerful Root Chakra stone, red jasper infuses the pyramid with grounding, stabilizing energy. Sometimes called the “Stone of Endurance,” it provides strength, courage, and vitality to your spirit ￼. Red jasper’s rich earthy vibrations anchor you to the present moment, protecting against negative influences and boosting your confidence. It’s excellent for stress relief and perseverance – helping you stay balanced, secure, and resilient through life’s challenges.
	•	Amethyst – Intuition & Peace:  A revered Crown (and Third Eye) Chakra crystal, amethyst heightens the pyramid’s spiritual and calming qualities. It is celebrated for enhancing intuition, meditation, and connection to higher consciousness ￼. Amethyst’s soothing violet light brings emotional balance and stress relief ￼, making it easier to release anxiety and sleep peacefully. It also acts as an energetic shield, protecting your space from negativity and raising the vibration for spiritual growth and inner peace ￼.

Together, these four crystals create a synergy of energies that spans the physical, emotional, and spiritual spectrum. From the grounding security of red jasper at the base to the loving heart-healing of rose quartz and aventurine in the center and the high spiritual frequency of amethyst at the apex, this pyramid balances the chakras from root to crown. The combined effect is a beautifully harmonized energy field that nurtures your entire being.

Elevate Your Space, Enhance Your Spirit

Handcrafted with care and an eye for detail, this four-sided orgonite pyramid is as much a stunning décor piece as it is a powerful spiritual tool. Its clear cast resin layers reveal the swirling colors of the included crystals and metallic gold flecks, making it a high-end art piece that instantly elevates the ambiance of any room. Place it in your living room, bedroom, office, or meditation sanctuary and feel the difference as it continuously works to uplift and balance the energy around you. Many users report feeling more calm, focused, and positive with an orgonite pyramid nearby, as it gently contributes to a space that feels good to be in.

This pyramid is a must-have for spiritual practitioners, healers, collectors, and anyone seeking positive energy in their home or sacred space. Its elegant design and profound purpose make it a conversation piece that goes beyond beauty – it’s an investment in your holistic well-being. By integrating the energies of rose quartz for love, green aventurine for growth, red jasper for stability, and amethyst for wisdom, this orgonite pyramid serves as a miniature energy vortex radiating balance and blessings. Empower your environment and your spiritual journey with this exquisite orgonite pyramid, and experience the transformative harmonization of energy, spirit, and style it brings into your life.","This handcrafted Orgonite pyramid is a powerful energy tool, designed to cleanse, balance, and amplify positive energy. Featuring a Rose Quartz sphere amid Amethyst crystals, it radiates love, intuition, and renewal while neutralizing negativity.

What is Orgonite?

Orgonite is a blend of resin, metal, and crystals that continuously absorbs and transforms stagnant energy. Inspired by Dr. Wilhelm Reich’s research on orgone energy, this pyramid helps:
✔ Transmute negative energy into positive energy
✔ Balance and harmonize the body’s energetic field
✔ Protect against EMFs from electronics
✔ Support meditation, healing, and spiritual expansion

Infused with Four Sacred Crystals

🔮 Rose Quartz – Heals the Heart Chakra, promoting love and emotional balance.
🌿 Green Aventurine – Attracts abundance and relieves stress.
🔥 Red Jasper – Grounds and strengthens courage and resilience.
💜 Amethyst – Enhances intuition, protection, and deep spiritual awareness.

A perfect statement piece and energy amplifier, ideal for meditation, healing, or home decor. Invite harmony and transformation into your space today!",
3 Sided Pyramid x 2,"Trinity Orgonite Pyramid – Amethyst, Green Aventurine & Lapis Lazuli",,,"Trinity Orgonite Pyramid – Amethyst, Green Aventurine & Lapis Lazuli

A sacred fusion of energy, wisdom, and renewal—elevate your space with the power of three.

The Power of Orgonite – A Constant Source of Positive Energy

This three-sided Orgonite pyramid is an energetic transformer, designed to cleanse, balance, and amplify the natural energy in your space. Crafted from a precise blend of resin, metal shavings, and natural crystals, Orgonite is renowned for its ability to neutralize stagnant and negative energy while radiating a higher vibrational frequency.

Based on the concept of orgone energy—the universal life force studied by Dr. Wilhelm Reich—Orgonite continuously works to:

✔ Transmute negative energy into positive energy
✔ Harmonize and balance the body’s energetic field
✔ Protect against electromagnetic frequencies (EMFs) from electronics
✔ Support meditation, healing work, and spiritual expansion

Unlike passive decor, this Orgonite pyramid is an active energy tool, continuously elevating the vibrations in your home, office, or sacred space.

⸻

The Significance of the Three-Sided Pyramid

The triangle has been a symbol of divine balance, manifestation, and power across ancient civilizations. A three-sided pyramid represents the harmonious connection between mind, body, and spirit—channeling energy through its apex while anchoring stability into your environment. This shape enhances the pyramid’s energetic focus, making it a powerful tool for spiritual alignment, intuition, and renewal.

Within this meticulously crafted pyramid, three powerful crystals—Amethyst, Green Aventurine, and Lapis Lazuli—combine their energies to create a perfect trinity of balance, wisdom, and healing.

⸻

Infused with Three Sacred Crystals

Each crystal within this pyramid was chosen for its powerful vibrational properties, working in harmony to enhance your emotional, spiritual, and energetic well-being.

🔮 Amethyst – Spiritual Protection & Intuition

A master healer of the Crown and Third Eye chakras, Amethyst is known for its ability to soothe the mind, expand intuition, and protect against negative energy. This deep violet stone promotes mental clarity, emotional balance, and spiritual insight, making it an essential crystal for those seeking inner peace and higher awareness.

✨ Enhances meditation and intuition
✨ Provides energetic protection from negativity
✨ Calms stress, anxiety, and mental overactivity

⸻

🌿 Green Aventurine – Renewal & Abundance

A heart-centered stone of growth, prosperity, and harmony, Green Aventurine brings a refreshing energy that encourages emotional balance, confidence, and personal transformation. Known as the Stone of Opportunity, it attracts luck while helping to release old patterns, stress, and negativity, allowing you to move forward with optimism and ease.

✨ Encourages abundance, opportunity, and luck
✨ Balances emotions and promotes well-being
✨ Opens the heart to renewal and personal growth

⸻

💙 Lapis Lazuli – Truth & Higher Awareness

A stone of deep wisdom and spiritual awakening, Lapis Lazuli has been revered for centuries as a gateway to higher knowledge. It stimulates the Third Eye chakra, unlocking inner vision, clarity, and self-awareness. This celestial blue stone enhances communication, self-expression, and insight, guiding you toward your authentic truth and purpose.

✨ Boosts intellectual and spiritual wisdom
✨ Strengthens intuition and inner vision
✨ Encourages honest self-expression and confidence

⸻

Why This Pyramid Belongs in Your Sacred Space

This three-sided Orgonite pyramid is more than just a visually stunning piece—it’s an energetic amplifier designed to uplift your environment and enhance your spiritual practice.

✔ Creates a serene, high-vibrational atmosphere for meditation and healing
✔ Balances emotional energy while sharpening intuition and mental clarity
✔ Neutralizes chaotic energy and shields against negativity
✔ A unique statement piece that radiates beauty, sophistication, and divine energy

Whether you seek deeper meditation, a more peaceful environment, or a tangible reminder of your personal transformation, this Orgonite pyramid will serve as a powerful energetic ally. Place it in your home, sacred space, office, or altar, and let its harmonizing energy bring balance, wisdom, and renewal into your life.

Elevate your space. Empower your spirit. Welcome the divine energy of the Trinity Orgonite Pyramid into your world today."
,,,,
,,,,
,,,,
,,,,
,,,,
,,,,
,,,,
,,,,
,,,,
,,,,
,,,,
,,,,
,,,,
,,,,
,,,,
,,,,
,,,,
,,,,
,,,,
,,,,
,,,,
,,,,
,,,,
,,,,
,,,,
,,,,
,,,,
,,,,
,,,,
,,,,
,,,,
,,,,
,,,,
,,,,
,,,,
,,,,
,,,,
,,,,
,,,,
,,,,
,,,,
,,,,
,,,,
,,,,
,,,,
,,,,
,,,,
,,,,
,,,,
,,,,
,,,,
,,,,
,,,,
,,,,
,,,,
,,,,
,,,,
,,,,
,,,,
,,,,
,,,,
,,,,
,,,,
,,,,
,,,,
,,,,
,,,,
,,,,
,,,,
,,,,
,,,,
,,,,
,,,,
,,,,
,,,,
,,,,
,,,,
,,,,
,,,,
,,,,
,,,,
,,,,
,,,,
,,,,
,,,,
,,,,
,,,,
,,,,
,,,,
,,,,
,,,,
,,,,
,,,,
,,,,
,,,,
,,,,
,,,,
,,,,
,,,,
,,,,
,,,,
,,,,
,,,,
,,,,
,,,,
,,,,
,,,,
,,,,
,,,,
,,,,
,,,,
,,,,
,,,,
,,,,
,,,,
,,,,
,,,,
,,,,
,,,,
,,,,
,,,,
,,,,
,,,,
,,,,
,,,,
,,,,
,,,,
,,,,
,,,,
,,,,
,,,,
,,,,
,,,,
,,,,
,,,,
,,,,
,,,,
,,,,
,,,,
,,,,
,,,,
,,,,
,,,,
,,,,
,,,,
,,,,
,,,,
,,,,
,,,,
,,,,
,,,,
,,,,
,,,,
,,,,
,,,,
,,,,
,,,,
,,,,
,,,,
,,,,
,,,,
,,,,
,,,,
,,,,
,,,,
,,,,
,,,,
,,,,
,,,,
,,,,
,,,,
,,,,
,,,,
,,,,
,,,,
,,,,
,,,,
,,,,
,,,,
,,,,
,,,,
,,,,
,,,,
,,,,
,,,,
,,,,
,,,,
,,,,
,,,,
,,,,
,,,,
,,,,
,,,,
,,,,
,,,,
,,,,
,,,,
,,,,
,,,,
,,,,
,,,,
,,,,
,,,,
,,,,
,,,,
,,,,
,,,,
,,,,
,,,,
,,,,
,,,,
,,,,
,,,,
,,,,
,,,,
,,,,
,,,,
,,,,
,,,,
,,,,
,,,,
,,,,
,,,,
,,,,
,,,,
,,,,
,,,,
,,,,
,,,,
,,,,
,,,,
,,,,
,,,,
,,,,
,,,,
,,,,
,,,,
,,,,
,,,,
,,,,
,,,,
,,,,
,,,,
,,,,
,,,,
,,,,
,,,,
,,,,
,,,,
,,,,
,,,,
,,,,
,,,,
,,,,
,,,,
,,,,
,,,,
,,,,
,,,,
,,,,
,,,,
,,,,
,,,,
,,,,
,,,,
,,,,
,,,,
,,,,
,,,,
,,,,
,,,,
,,,,
,,,,
,,,,
,,,,
,,,,
,,,,
,,,,
,,,,
,,,,
,,,,
,,,,
,,,,
,,,,
,,,,
,,,,
,,,,
,,,,
,,,,
,,,,
,,,,
,,,,
,,,,
,,,,
,,,,
,,,,
,,,,
,,,,
,,,,
,,,,
,,,,
,,,,
,,,,
,,,,
,,,,
,,,,
,,,,
,,,,
,,,,
,,,,
,,,,
,,,,
,,,,
,,,,
,,,,
,,,,
,,,,
,,,,
,,,,
,,,,
,,,,
,,,,
,,,,
,,,,
,,,,
,,,,
,,,,
,,,,
,,,,
,,,,
,,,,
,,,,
,,,,
,,,,
,,,,
,,,,
,,,,
,,,,
,,,,
,,,,
,,,,
,,,,
,,,,
,,,,
,,,,
,,,,
,,,,
,,,,
,,,,
,,,,
,,,,
,,,,
,,,,
,,,,
,,,,
,,,,
,,,,
,,,,
,,,,
,,,,
,,,,
,,,,
,,,,
,,,,
,,,,
,,,,
,,,,
,,,,
,,,,
,,,,
,,,,
,,,,
,,,,
,,,,
,,,,
,,,,
,,,,
,,,,
,,,,
,,,,
,,,,
,,,,
,,,,
,,,,
,,,,
,,,,
,,,,
,,,,
,,,,
,,,,
,,,,
,,,,
,,,,
,,,,
,,,,
,,,,
,,,,
,,,,
,,,,
,,,,
,,,,
,,,,
,,,,
,,,,
,,,,
,,,,
,,,,
,,,,
,,,,
,,,,
,,,,
,,,,
,,,,
,,,,
,,,,
,,,,
,,,,
,,,,
,,,,
,,,,
,,,,
,,,,
,,,,
,,,,
,,,,
,,,,
,,,,
,,,,
,,,,
,,,,
,,,,
,,,,
,,,,
,,,,
,,,,
,,,,
,,,,
,,,,
,,,,
,,,,
,,,,
,,,,
,,,,
,,,,
,,,,
,,,,
,,,,
,,,,
,,,,
,,,,
,,,,
,,,,
,,,,
,,,,
,,,,
,,,,
,,,,
,,,,
,,,,
,,,,
,,,,
,,,,
,,,,
,,,,
,,,,
,,,,
,,"Im Immerse yourself in the beauty and energy of the ocean with our handcrafted Orgonite Starfish Sculpture, infused with natural crystals and real seashells. More than just a decorative piece, this unique sculpture serves as a conduit for positive energy, promoting balance, clarity, and a serene atmosphere in any space.

What is Orgonite?

Orgonite is a blend of resin, metal, and quartz crystals, designed to harness and transform energy. Rooted in the research of Dr. Wilhelm Reich, Orgonite is believed to accumulate and purify life-force energy—also known as orgone, chi, or prana—by converting stagnant or negative energy into a more vibrant and harmonious state.

How Does It Work?
	•	Energy Transmutation: The layered structure of metal and quartz within the resin creates a piezoelectric effect, which continuously attracts and refines surrounding energy.
.ws",,
,,,,
,,,,
,,,,
,,,,
,,,,
,,,,
,,,,
,,,,
,,,,
,,,,
,,,,
,,,,
,,,,
,,,,
,,,,
,,,,
,,,,
,,,,
,,,,
,,,,
,,,,
,,,,
,,,,
,,,,
,,,,
,,,,
,,,,
,,,,
,,,,
,,,,
,,,,
,,,,
A,,,,